id,category,question,expected_answer
1,factual,"What is the capital of France?","Paris"
2,factual,"Who wrote the novel '1984'?","George Orwell"
3,math,"What is 17 multiplied by 6?","102"
4,math,"If a train travels 60 km in 45 minutes, what is its average speed in km/h?","80"
5,reasoning,"If all roses are flowers and some flowers fade quickly, can we conclude that some roses fade quickly?","No"
6,reasoning,"Tom is taller than Anna. Anna is taller than Mark. Who is the tallest?","Tom"
7,classification,"Classify the sentiment: 'The product works as expected and I am satisfied.'","positive"
8,classification,"Classify the sentiment: 'This is the worst service I have ever experienced.'","negative"
9,extraction,"Extract the email address from the following text: 'Please contact us at support@example.com for assistance.'","support@example.com"
10,extraction,"Extract the date from the following text: 'The meeting is scheduled for March 12, 2024 at 3 PM.'","March 12, 2024"
11,commonsense,"Is water wet? Answer yes or no.","Yes"
12,commonsense,"Can a penguin fly? Answer yes or no.","No"
13,short_generation,"Summarize in one word: 'A large body of salt water that covers most of the Earth's surface.'","Ocean"
14,short_generation,"Provide the opposite of 'increase'.","decrease"
15,logic,"If it is raining, the ground is wet. The ground is not wet. Is it raining?","No"
